Filename,Type,Camera ID,Timestamp,Person Detected,Person Count,Highest Confidence,Detection Time (ms)
snapshot_cam1_2025-07-05T15-20-10-648Z.jpg,snapshot,cam1,2025:07:05T15:20:10,false,0,0,1063
snapshot_cam1_2025-07-05T15-48-04-319Z.jpg,snapshot,cam1,2025:07:05T15:48:04,false,0,0,872
snapshot_cam1_2025-07-05T15-51-42-665Z.jpg,snapshot,cam1,2025:07:05T15:51:42,false,0,0,878
snapshot_cam1_2025-07-05T15-51-52-687Z.jpg,snapshot,cam1,2025:07:05T15:51:52,false,0,0,931
snapshot_cam1_2025-07-05T16-07-14-603Z.jpg,snapshot,cam1,2025:07:05T16:07:14,false,0,0,511
snapshot_cam1_2025-07-05T16-24-14-737Z.jpg,snapshot,cam1,2025:07:05T16:24:14,false,0,0,333
snapshot_cam1_2025-07-05T16-36-31-478Z.jpg,snapshot,cam1,2025:07:05T16:36:31,false,0,0,589
snapshot_cam1_2025-07-05T16-36-41-565Z.jpg,snapshot,cam1,2025:07:05T16:36:41,false,0,0,324
snapshot_cam1_2025-07-05T16-40-44-840Z.jpg,snapshot,cam1,2025:07:05T16:40:44,false,0,0,555
snapshot_cam1_2025-07-05T16-59-12-574Z.jpg,snapshot,cam1,2025:07:05T16:59:12,false,0,0,387
snapshot_cam1_2025-07-05T16-59-22-649Z.jpg,snapshot,cam1,2025:07:05T16:59:22,false,0,0,427
snapshot_cam1_2025-07-08T10-40-33-437Z.jpg,snapshot,cam1,2025:07:08T10:40:33,false,0,0,541
snapshot_cam1_2025-07-08T10-40-43-481Z.jpg,snapshot,cam1,2025:07:08T10:40:43,false,0,0,308
snapshot_cam1_2025-07-08T10-41-10-070Z.jpg,snapshot,cam1,2025:07:08T10:41:10,false,0,0,346
snapshot_cam1_2025-07-08T10-41-14-568Z.jpg,snapshot,cam1,2025:07:08T10:41:14,false,0,0,359
snapshot_cam1_2025-07-08T10-41-24-650Z.jpg,snapshot,cam1,2025:07:08T10:41:24,false,0,0,279
snapshot_cam1_2025-07-10T18-32-15-560Z.jpg,snapshot,cam1,2025:07:10T18:32:15,false,0,0,289
snapshot_cam1_2025-07-10T18-35-15-571Z.jpg,snapshot,cam1,2025:07:10T18:35:15,false,0,0,474
snapshot_cam1_2025-07-10T18-41-15-587Z.jpg,snapshot,cam1,2025:07:10T18:41:15,false,0,0,377
snapshot_cam1_2025-07-10T18-56-07-766Z.jpg,snapshot,cam1,2025:07:10T18:56:07,false,0,0,501
snapshot_cam1_2025-07-10T23-30-05-508Z.jpg,snapshot,cam1,2025:07:10T23:30:05,false,0,0,461
snapshot_cam1_2025-07-10T23-30-09-075Z.jpg,snapshot,cam1,2025:07:10T23:30:09,false,0,0,525
snapshot_cam1_2025-07-11T02-14-38-293Z.jpg,snapshot,cam1,2025:07:11T02:14:38,false,0,0,262
snapshot_cam1_2025-07-11T02-14-56-644Z.jpg,snapshot,cam1,2025:07:11T02:14:56,false,0,0,487
snapshot_cam1_2025-07-11T02-18-39-245Z.jpg,snapshot,cam1,2025:07:11T02:18:39,false,0,0,366
snapshot_cam1_2025-07-11T05-10-25-125Z.jpg,snapshot,cam1,2025:07:11T05:10:25,false,0,0,420
snapshot_cam1_2025-07-11T09-39-37-487Z.jpg,snapshot,cam1,2025:07:11T09:39:37,false,0,0,535
snapshot_cam1_2025-07-11T09-39-47-592Z.jpg,snapshot,cam1,2025:07:11T09:39:47,false,0,0,395
snapshot_cam1_2025-07-11T09-39-57-652Z.jpg,snapshot,cam1,2025:07:11T09:39:57,false,0,0,399
snapshot_cam1_2025-07-11T09-40-13-189Z.jpg,snapshot,cam1,2025:07:11T09:40:13,false,0,0,435
snapshot_cam1_2025-07-11T09-40-23-200Z.jpg,snapshot,cam1,2025:07:11T09:40:23,true,1,67,329
snapshot_cam1_2025-07-11T09-40-54-767Z.jpg,snapshot,cam1,2025:07:11T09:40:54,false,0,0,240
snapshot_cam1_2025-07-11T09-41-04-797Z.jpg,snapshot,cam1,2025:07:11T09:41:04,false,0,0,393
snapshot_cam1_2025-07-11T09-43-11-747Z.jpg,snapshot,cam1,2025:07:11T09:43:11,true,1,58,274
snapshot_cam1_2025-07-11T09-43-21-773Z.jpg,snapshot,cam1,2025:07:11T09:43:21,false,0,0,635
snapshot_cam1_2025-07-11T09-43-43-361Z.jpg,snapshot,cam1,2025:07:11T09:43:43,true,1,84,254
snapshot_cam1_2025-07-11T09-43-53-379Z.jpg,snapshot,cam1,2025:07:11T09:43:53,false,0,0,375
snapshot_cam1_2025-07-11T09-44-39-532Z.jpg,snapshot,cam1,2025:07:11T09:44:39,false,0,0,450
snapshot_cam1_2025-07-11T09-44-52-051Z.jpg,snapshot,cam1,2025:07:11T09:44:52,true,1,60,295
snapshot_cam1_2025-07-11T09-45-02-078Z.jpg,snapshot,cam1,2025:07:11T09:45:02,false,0,0,331
snapshot_cam1_2025-07-11T09-45-12-105Z.jpg,snapshot,cam1,2025:07:11T09:45:12,false,0,0,357
snapshot_cam1_2025-07-11T09-45-27-155Z.jpg,snapshot,cam1,2025:07:11T09:45:27,false,0,0,184
snapshot_cam1_2025-07-11T09-45-37-188Z.jpg,snapshot,cam1,2025:07:11T09:45:37,false,0,0,364
snapshot_cam1_2025-07-11T10-15-40-033Z.jpg,snapshot,cam1,2025:07:11T10:15:40,false,0,0,333
snapshot_cam1_2025-07-11T10-15-53-657Z.jpg,snapshot,cam1,2025:07:11T10:15:53,false,0,0,141
snapshot_cam1_2025-07-11T10-16-03-618Z.jpg,snapshot,cam1,2025:07:11T10:16:03,false,0,0,754
snapshot_cam1_2025-07-11T10-16-13-671Z.jpg,snapshot,cam1,2025:07:11T10:16:13,false,0,0,271
snapshot_cam1_2025-07-11T10-16-35-238Z.jpg,snapshot,cam1,2025:07:11T10:16:35,false,0,0,280
snapshot_cam1_2025-07-11T10-16-51-279Z.jpg,snapshot,cam1,2025:07:11T10:16:51,false,0,0,573
snapshot_cam1_2025-07-11T10-20-07-982Z.jpg,snapshot,cam1,2025:07:11T10:20:07,false,0,0,297
snapshot_cam1_2025-07-11T10-20-18-198Z.jpg,snapshot,cam1,2025:07:11T10:20:18,true,1,78,193
snapshot_cam1_2025-07-11T10-20-28-314Z.jpg,snapshot,cam1,2025:07:11T10:20:28,false,0,0,382
snapshot_cam1_2025-07-11T10-20-38-432Z.jpg,snapshot,cam1,2025:07:11T10:20:38,false,0,0,204
snapshot_cam1_2025-07-11T10-20-55-610Z.jpg,snapshot,cam1,2025:07:11T10:20:55,false,0,0,356
snapshot_cam1_2025-07-11T10-21-05-755Z.jpg,snapshot,cam1,2025:07:11T10:21:05,true,1,53,232
snapshot_cam1_2025-07-11T10-23-34-425Z.jpg,snapshot,cam1,2025:07:11T10:23:34,false,0,0,311
snapshot_cam1_2025-07-11T10-23-46-758Z.jpg,snapshot,cam1,2025:07:11T10:23:46,true,1,53,151
snapshot_cam1_2025-07-11T10-26-01-656Z.jpg,snapshot,cam1,2025:07:11T10:26:01,false,0,0,523
snapshot_cam1_2025-07-11T10-26-12-146Z.jpg,snapshot,cam1,2025:07:11T10:26:12,false,0,0,332
snapshot_cam1_2025-07-11T10-26-35-643Z.jpg,snapshot,cam1,2025:07:11T10:26:35,false,0,0,143
snapshot_cam1_2025-07-11T10-26-57-303Z.jpg,snapshot,cam1,2025:07:11T10:26:57,false,0,0,117
snapshot_cam1_2025-07-11T10-28-25-391Z.jpg,snapshot,cam1,2025:07:11T10:28:25,false,0,0,481
snapshot_cam1_2025-07-11T10-28-59-258Z.jpg,snapshot,cam1,2025:07:11T10:28:59,true,1,73,352
snapshot_cam1_2025-07-11T10-29-14-758Z.jpg,snapshot,cam1,2025:07:11T10:29:14,true,1,54,377
snapshot_cam1_2025-07-11T10-29-27-449Z.jpg,snapshot,cam1,2025:07:11T10:29:27,true,1,68,128
snapshot_cam1_2025-07-11T10-30-41-223Z.jpg,snapshot,cam1,2025:07:11T10:30:41,false,0,0,162
snapshot_cam1_2025-07-11T10-31-07-240Z.jpg,snapshot,cam1,2025:07:11T10:31:07,false,0,0,150
snapshot_cam1_2025-07-11T10-31-20-399Z.jpg,snapshot,cam1,2025:07:11T10:31:20,false,0,0,241
snapshot_cam1_2025-07-11T10-32-15-805Z.jpg,snapshot,cam1,2025:07:11T10:32:15,false,0,0,161
snapshot_cam1_2025-07-11T10-32-26-104Z.jpg,snapshot,cam1,2025:07:11T10:32:26,false,0,0,364
snapshot_cam1_2025-07-11T10-33-00-119Z.jpg,snapshot,cam1,2025:07:11T10:33:00,true,2,60,595
snapshot_cam1_2025-07-11T10-33-10-684Z.jpg,snapshot,cam1,2025:07:11T10:33:10,true,1,91,359
snapshot_cam1_2025-07-11T10-33-20-923Z.jpg,snapshot,cam1,2025:07:11T10:33:20,false,0,0,182
snapshot_cam1_2025-07-11T10-33-27-532Z.jpg,snapshot,cam1,2025:07:11T10:33:27,false,0,0,322
snapshot_cam1_2025-07-11T10-34-14-368Z.jpg,snapshot,cam1,2025:07:11T10:34:14,false,0,0,142
snapshot_cam1_2025-07-11T10-35-20-503Z.jpg,snapshot,cam1,2025:07:11T10:35:20,false,0,0,203
snapshot_cam1_2025-07-11T10-35-53-603Z.jpg,snapshot,cam1,2025:07:11T10:35:53,false,0,0,201
snapshot_cam1_2025-07-13T05-52-53-798Z.jpg,snapshot,cam1,2025:07:13T05:52:53,false,0,0,292
snapshot_cam1_2025-07-13T05-53-03-816Z.jpg,snapshot,cam1,2025:07:13T05:53:03,false,0,0,174
snapshot_cam1_2025-07-13T05-55-27-958Z.jpg,snapshot,cam1,2025:07:13T05:55:27,false,0,0,90
snapshot_cam1_2025-07-13T05-55-37-983Z.jpg,snapshot,cam1,2025:07:13T05:55:37,false,0,0,93
snapshot_cam1_2025-07-13T05-56-36-522Z.jpg,snapshot,cam1,2025:07:13T05:56:36,false,0,0,212
snapshot_cam1_2025-07-13T05-56-46-671Z.jpg,snapshot,cam1,2025:07:13T05:56:46,false,0,0,462
snapshot_cam1_2025-07-13T06-01-06-766Z.jpg,snapshot,cam1,2025:07:13T06:01:06,false,0,0,434
snapshot_cam1_2025-07-13T06-01-19-414Z.jpg,snapshot,cam1,2025:07:13T06:01:19,false,0,0,300
snapshot_cam1_2025-07-13T06-01-29-443Z.jpg,snapshot,cam1,2025:07:13T06:01:29,false,0,0,279
snapshot_cam1_2025-07-13T06-01-49-710Z.jpg,snapshot,cam1,2025:07:13T06:01:49,false,0,0,340
snapshot_cam1_2025-07-13T06-01-59-850Z.jpg,snapshot,cam1,2025:07:13T06:01:59,false,0,0,280
snapshot_cam1_2025-07-13T06-02-18-566Z.jpg,snapshot,cam1,2025:07:13T06:02:18,true,1,67,186
snapshot_cam1_2025-07-13T06-02-28-611Z.jpg,snapshot,cam1,2025:07:13T06:02:28,true,1,55,105
snapshot_cam1_2025-07-13T06-02-38-666Z.jpg,snapshot,cam1,2025:07:13T06:02:38,false,0,0,102
snapshot_cam1_2025-07-13T06-02-48-743Z.jpg,snapshot,cam1,2025:07:13T06:02:48,false,0,0,86
snapshot_cam1_2025-07-13T06-03-09-384Z.jpg,snapshot,cam1,2025:07:13T06:03:09,false,0,0,93
snapshot_cam1_2025-07-13T06-03-19-578Z.jpg,snapshot,cam1,2025:07:13T06:03:19,false,0,0,420
snapshot_cam1_2025-07-13T06-18-19-502Z.jpg,snapshot,cam1,2025:07:13T06:18:19,false,0,0,424
snapshot_cam1_2025-07-13T06-18-29-719Z.jpg,snapshot,cam1,2025:07:13T06:18:29,false,0,0,409
snapshot_cam1_2025-07-13T06-19-30-777Z.jpg,snapshot,cam1,2025:07:13T06:19:30,false,0,0,310
snapshot_cam1_2025-07-13T06-19-40-912Z.jpg,snapshot,cam1,2025:07:13T06:19:40,false,0,0,429
snapshot_cam1_2025-07-13T06-38-38-475Z.jpg,snapshot,cam1,2025:07:13T06:38:38,false,0,0,177
snapshot_cam1_2025-07-13T06-44-38-507Z.jpg,snapshot,cam1,2025:07:13T06:44:38,false,0,0,126
snapshot_cam1_2025-07-13T06-48-08-507Z.jpg,snapshot,cam1,2025:07:13T06:48:08,false,0,0,283
snapshot_cam1_2025-07-13T06-50-08-510Z.jpg,snapshot,cam1,2025:07:13T06:50:08,false,0,0,352
snapshot_cam1_2025-07-13T06-51-08-594Z.jpg,snapshot,cam1,2025:07:13T06:51:08,false,0,0,352
snapshot_cam1_2025-07-13T06-53-08-602Z.jpg,snapshot,cam1,2025:07:13T06:53:08,false,0,0,163
snapshot_cam1_2025-07-13T06-57-08-613Z.jpg,snapshot,cam1,2025:07:13T06:57:08,false,0,0,114
snapshot_cam1_2025-07-13T07-00-38-623Z.jpg,snapshot,cam1,2025:07:13T07:00:38,false,0,0,231
snapshot_cam1_2025-07-13T07-03-38-632Z.jpg,snapshot,cam1,2025:07:13T07:03:38,false,0,0,139
snapshot_cam1_2025-07-13T07-23-08-473Z.jpg,snapshot,cam1,2025:07:13T07:23:08,false,0,0,367
snapshot_cam1_2025-07-13T07-33-38-513Z.jpg,snapshot,cam1,2025:07:13T07:33:38,false,0,0,438
snapshot_cam1_2025-07-13T07-48-08-681Z.jpg,snapshot,cam1,2025:07:13T07:48:08,false,0,0,306
snapshot_cam1_2025-07-13T07-51-08-686Z.jpg,snapshot,cam1,2025:07:13T07:51:08,false,0,0,352
snapshot_cam1_2025-07-13T07-55-08-686Z.jpg,snapshot,cam1,2025:07:13T07:55:08,false,0,0,141
snapshot_cam1_2025-07-13T08-15-08-681Z.jpg,snapshot,cam1,2025:07:13T08:15:08,false,0,0,240
snapshot_cam1_2025-07-13T08-19-38-684Z.jpg,snapshot,cam1,2025:07:13T08:19:38,false,0,0,179
snapshot_cam1_2025-07-13T08-30-08-699Z.jpg,snapshot,cam1,2025:07:13T08:30:08,false,0,0,285
snapshot_cam1_2025-07-13T08-41-08-713Z.jpg,snapshot,cam1,2025:07:13T08:41:08,false,0,0,258
snapshot_cam1_2025-07-13T08-44-08-909Z.jpg,snapshot,cam1,2025:07:13T08:44:08,false,0,0,200
snapshot_cam1_2025-07-13T08-48-09-067Z.jpg,snapshot,cam1,2025:07:13T08:48:09,false,0,0,281
snapshot_cam1_2025-07-13T08-49-39-063Z.jpg,snapshot,cam1,2025:07:13T08:49:39,false,0,0,533
snapshot_cam1_2025-07-13T08-56-09-342Z.jpg,snapshot,cam1,2025:07:13T08:56:09,false,0,0,170
snapshot_cam1_2025-07-13T09-13-39-535Z.jpg,snapshot,cam1,2025:07:13T09:13:39,true,1,58,330
snapshot_cam1_2025-07-13T09-30-39-611Z.jpg,snapshot,cam1,2025:07:13T09:30:39,false,0,0,407
snapshot_cam1_2025-07-13T09-41-39-659Z.jpg,snapshot,cam1,2025:07:13T09:41:39,false,0,0,220
snapshot_cam1_2025-07-13T09-42-39-661Z.jpg,snapshot,cam1,2025:07:13T09:42:39,false,0,0,170
snapshot_cam1_2025-07-13T11-41-51-625Z.jpg,snapshot,cam1,2025:07:13T11:41:51,false,0,0,281
snapshot_cam1_2025-07-13T11-48-21-745Z.jpg,snapshot,cam1,2025:07:13T11:48:21,false,0,0,387
snapshot_cam1_2025-07-13T11-51-04-225Z.jpg,snapshot,cam1,2025:07:13T11:51:04,false,0,0,270
snapshot_cam1_2025-07-13T11-55-34-782Z.jpg,snapshot,cam1,2025:07:13T11:55:34,false,0,0,343
snapshot_cam1_2025-07-13T11-58-04-828Z.jpg,snapshot,cam1,2025:07:13T11:58:04,false,0,0,257
snapshot_cam1_2025-07-13T12-10-48-611Z.jpg,snapshot,cam1,2025:07:13T12:10:48,true,1,59,238
snapshot_cam1_2025-07-13T13-05-15-845Z.jpg,snapshot,cam1,2025:07:13T13:05:15,false,0,0,151
snapshot_cam1_2025-07-21T05-05-25-568Z.jpg,snapshot,cam1,2025:07:21T05:05:25,false,0,0,293
snapshot_cam1_2025-07-21T05-15-55-555Z.jpg,snapshot,cam1,2025:07:21T05:15:55,false,0,0,151
snapshot_cam1_2025-07-21T05-17-25-554Z.jpg,snapshot,cam1,2025:07:21T05:17:25,false,0,0,256
snapshot_cam1_2025-07-21T05-18-55-555Z.jpg,snapshot,cam1,2025:07:21T05:18:55,false,0,0,205
snapshot_cam1_2025-07-21T05-24-55-638Z.jpg,snapshot,cam1,2025:07:21T05:24:55,false,0,0,144
snapshot_cam1_2025-07-21T05-31-25-646Z.jpg,snapshot,cam1,2025:07:21T05:31:25,false,0,0,125
snapshot_cam1_2025-07-21T05-35-55-674Z.jpg,snapshot,cam1,2025:07:21T05:35:55,false,0,0,235
snapshot_cam1_2025-07-21T05-59-27-740Z.jpg,snapshot,cam1,2025:07:21T05:59:27,false,0,0,161
snapshot_cam1_2025-07-21T06-02-56-415Z.jpg,snapshot,cam1,2025:07:21T06:02:56,false,0,0,482
snapshot_cam1_2025-07-21T06-03-26-424Z.jpg,snapshot,cam1,2025:07:21T06:03:26,false,0,0,246
snapshot_cam1_2025-07-21T06-06-26-431Z.jpg,snapshot,cam1,2025:07:21T06:06:26,false,0,0,180
snapshot_cam1_2025-07-21T06-07-26-433Z.jpg,snapshot,cam1,2025:07:21T06:07:26,true,1,81,365
snapshot_cam1_2025-07-21T06-07-56-433Z.jpg,snapshot,cam1,2025:07:21T06:07:56,true,2,75,245
snapshot_cam1_2025-07-21T08-12-09-029Z.jpg,snapshot,cam1,2025:07:21T08:12:09,false,0,0,161
snapshot_cam1_2025-07-21T08-17-10-836Z.jpg,snapshot,cam1,2025:07:21T08:17:10,false,0,0,140
snapshot_cam1_2025-07-21T14-17-27-164Z.jpg,snapshot,cam1,2025:07:21T14:17:27,false,0,0,112
snapshot_cam1_2025-07-21T14-33-27-575Z.jpg,snapshot,cam1,2025:07:21T14:33:27,false,0,0,118
snapshot_cam1_2025-07-21T14-34-27-576Z.jpg,snapshot,cam1,2025:07:21T14:34:27,false,0,0,688
snapshot_cam1_2025-07-21T14-46-57-823Z.jpg,snapshot,cam1,2025:07:21T14:46:57,true,1,94,175
snapshot_cam1_2025-07-21T14-51-27-840Z.jpg,snapshot,cam1,2025:07:21T14:51:27,false,0,0,344
snapshot_cam1_2025-07-21T14-58-27-994Z.jpg,snapshot,cam1,2025:07:21T14:58:27,false,0,0,185
snapshot_cam1_2025-07-21T15-20-58-322Z.jpg,snapshot,cam1,2025:07:21T15:20:58,false,0,0,348
snapshot_cam1_2025-07-21T15-25-28-343Z.jpg,snapshot,cam1,2025:07:21T15:25:28,false,0,0,329
snapshot_cam1_2025-07-21T15-28-58-366Z.jpg,snapshot,cam1,2025:07:21T15:28:58,false,0,0,306
snapshot_cam1_2025-07-21T15-47-58-762Z.jpg,snapshot,cam1,2025:07:21T15:47:58,false,0,0,148
snapshot_cam1_2025-07-21T15-55-28-900Z.jpg,snapshot,cam1,2025:07:21T15:55:28,false,0,0,346
snapshot_cam1_2025-07-21T16-17-29-701Z.jpg,snapshot,cam1,2025:07:21T16:17:29,false,0,0,246
snapshot_cam1_2025-07-21T16-21-59-740Z.jpg,snapshot,cam1,2025:07:21T16:21:59,false,0,0,159
snapshot_cam1_2025-07-21T16-41-29-776Z.jpg,snapshot,cam1,2025:07:21T16:41:29,false,0,0,265
snapshot_cam1_2025-07-21T16-45-29-783Z.jpg,snapshot,cam1,2025:07:21T16:45:29,false,0,0,387
snapshot_cam1_2025-07-21T16-49-59-792Z.jpg,snapshot,cam1,2025:07:21T16:49:59,false,0,0,264
snapshot_cam1_2025-07-21T16-59-59-808Z.jpg,snapshot,cam1,2025:07:21T16:59:59,false,0,0,227
snapshot_cam1_2025-07-21T17-05-29-814Z.jpg,snapshot,cam1,2025:07:21T17:05:29,false,0,0,134
snapshot_cam1_2025-07-21T17-18-29-834Z.jpg,snapshot,cam1,2025:07:21T17:18:29,false,0,0,317
snapshot_cam1_2025-07-21T17-22-59-844Z.jpg,snapshot,cam1,2025:07:21T17:22:59,false,0,0,132
snapshot_cam1_2025-07-21T17-26-59-859Z.jpg,snapshot,cam1,2025:07:21T17:26:59,false,0,0,187
snapshot_cam1_2025-07-21T17-34-59-887Z.jpg,snapshot,cam1,2025:07:21T17:34:59,false,0,0,145
snapshot_cam1_2025-07-21T17-52-29-928Z.jpg,snapshot,cam1,2025:07:21T17:52:29,false,0,0,228
snapshot_cam1_2025-07-22T02-16-01-086Z.jpg,snapshot,cam1,2025:07:22T02:16:01,true,1,56,371
snapshot_cam1_2025-07-22T02-19-00-078Z.jpg,snapshot,cam1,2025:07:22T02:19:00,false,0,0,291
snapshot_cam2_2025-07-05T15-58-04-530Z.jpg,snapshot,cam2,2025:07:05T15:58:04,false,0,0,135
snapshot_cam2_2025-07-05T16-07-35-152Z.jpg,snapshot,cam2,2025:07:05T16:07:35,false,0,0,244
snapshot_cam2_2025-07-05T16-10-14-609Z.jpg,snapshot,cam2,2025:07:05T16:10:14,false,0,0,334
snapshot_cam2_2025-07-05T16-19-44-723Z.jpg,snapshot,cam2,2025:07:05T16:19:44,false,0,0,206
snapshot_cam2_2025-07-05T16-20-14-725Z.jpg,snapshot,cam2,2025:07:05T16:20:14,false,0,0,157
snapshot_cam2_2025-07-05T16-25-44-752Z.jpg,snapshot,cam2,2025:07:05T16:25:44,false,0,0,116
snapshot_cam2_2025-07-05T16-28-17-855Z.jpg,snapshot,cam2,2025:07:05T16:28:17,false,0,0,248
snapshot_cam2_2025-07-05T16-28-28-171Z.jpg,snapshot,cam2,2025:07:05T16:28:28,false,0,0,226
snapshot_cam2_2025-07-05T16-28-44-752Z.jpg,snapshot,cam2,2025:07:05T16:28:44,false,0,0,290
snapshot_cam2_2025-07-05T16-37-11-229Z.jpg,snapshot,cam2,2025:07:05T16:37:11,false,0,0,137
snapshot_cam2_2025-07-05T16-37-21-294Z.jpg,snapshot,cam2,2025:07:05T16:37:21,false,0,0,208
snapshot_cam2_2025-07-05T16-38-44-832Z.jpg,snapshot,cam2,2025:07:05T16:38:44,false,0,0,443
snapshot_cam2_2025-07-05T16-48-44-864Z.jpg,snapshot,cam2,2025:07:05T16:48:44,false,0,0,290
snapshot_cam2_2025-07-08T10-40-36-932Z.jpg,snapshot,cam2,2025:07:08T10:40:36,false,0,0,128
snapshot_cam2_2025-07-08T10-40-46-989Z.jpg,snapshot,cam2,2025:07:08T10:40:46,false,0,0,160
snapshot_cam2_2025-07-08T10-41-15-567Z.jpg,snapshot,cam2,2025:07:08T10:41:15,false,0,0,154
snapshot_cam2_2025-07-08T10-41-25-671Z.jpg,snapshot,cam2,2025:07:08T10:41:25,false,0,0,174
snapshot_cam2_2025-07-10T18-34-45-567Z.jpg,snapshot,cam2,2025:07:10T18:34:45,false,0,0,565
snapshot_cam2_2025-07-10T18-41-45-588Z.jpg,snapshot,cam2,2025:07:10T18:41:45,false,0,0,278
snapshot_cam2_2025-07-10T18-42-15-589Z.jpg,snapshot,cam2,2025:07:10T18:42:15,false,0,0,152
snapshot_cam2_2025-07-10T19-07-05-913Z.jpg,snapshot,cam2,2025:07:10T19:07:05,false,0,0,380
snapshot_cam2_2025-07-10T19-13-53-341Z.jpg,snapshot,cam2,2025:07:10T19:13:53,false,0,0,175
snapshot_cam2_2025-07-10T23-30-10-056Z.jpg,snapshot,cam2,2025:07:10T23:30:10,false,0,0,143
snapshot_cam2_2025-07-10T23-30-20-419Z.jpg,snapshot,cam2,2025:07:10T23:30:20,false,0,0,108
snapshot_cam2_2025-07-11T02-14-58-359Z.jpg,snapshot,cam2,2025:07:11T02:14:58,false,0,0,109
snapshot_cam2_2025-07-11T02-15-08-586Z.jpg,snapshot,cam2,2025:07:11T02:15:08,false,0,0,123
snapshot_cam2_2025-07-11T02-15-18-993Z.jpg,snapshot,cam2,2025:07:11T02:15:18,false,0,0,546
snapshot_cam2_2025-07-11T02-15-39-125Z.jpg,snapshot,cam2,2025:07:11T02:15:39,false,0,0,182
snapshot_cam2_2025-07-11T02-16-52-127Z.jpg,snapshot,cam2,2025:07:11T02:16:52,false,0,0,203
snapshot_cam2_2025-07-11T02-18-09-240Z.jpg,snapshot,cam2,2025:07:11T02:18:09,false,0,0,542
snapshot_cam2_2025-07-11T09-40-48-261Z.jpg,snapshot,cam2,2025:07:11T09:40:48,false,0,0,262
snapshot_cam2_2025-07-11T09-40-58-278Z.jpg,snapshot,cam2,2025:07:11T09:40:58,false,0,0,183
snapshot_cam2_2025-07-11T09-43-13-752Z.jpg,snapshot,cam2,2025:07:11T09:43:13,true,1,81,119
snapshot_cam2_2025-07-11T09-43-23-772Z.jpg,snapshot,cam2,2025:07:11T09:43:23,false,0,0,524
snapshot_cam2_2025-07-11T09-43-33-810Z.jpg,snapshot,cam2,2025:07:11T09:43:33,true,1,62,353
snapshot_cam2_2025-07-11T09-43-43-861Z.jpg,snapshot,cam2,2025:07:11T09:43:43,false,0,0,244
snapshot_cam2_2025-07-11T09-44-15-475Z.jpg,snapshot,cam2,2025:07:11T09:44:15,false,0,0,272
snapshot_cam2_2025-07-11T09-44-25-503Z.jpg,snapshot,cam2,2025:07:11T09:44:25,false,0,0,379
snapshot_cam2_2025-07-11T09-44-52-554Z.jpg,snapshot,cam2,2025:07:11T09:44:52,false,0,0,387
snapshot_cam2_2025-07-11T09-45-27-157Z.jpg,snapshot,cam2,2025:07:11T09:45:27,false,0,0,1058
snapshot_cam2_2025-07-11T10-15-47-443Z.jpg,snapshot,cam2,2025:07:11T10:15:47,true,1,63,669
snapshot_cam2_2025-07-11T10-16-01-622Z.jpg,snapshot,cam2,2025:07:11T10:16:01,false,0,0,610
snapshot_cam2_2025-07-11T10-20-16-713Z.jpg,snapshot,cam2,2025:07:11T10:20:16,false,0,0,474
snapshot_cam2_2025-07-11T10-20-26-807Z.jpg,snapshot,cam2,2025:07:11T10:20:26,false,0,0,642
snapshot_cam2_2025-07-11T10-21-26-715Z.jpg,snapshot,cam2,2025:07:11T10:21:26,false,0,0,613
snapshot_cam2_2025-07-11T10-23-56-913Z.jpg,snapshot,cam2,2025:07:11T10:23:56,false,0,0,449
snapshot_cam2_2025-07-11T10-30-52-621Z.jpg,snapshot,cam2,2025:07:11T10:30:52,false,0,0,416
snapshot_cam2_2025-07-11T10-31-16-523Z.jpg,snapshot,cam2,2025:07:11T10:31:16,true,1,86,302
snapshot_cam2_2025-07-11T10-32-27-464Z.jpg,snapshot,cam2,2025:07:11T10:32:27,false,0,0,303
snapshot_cam2_2025-07-13T05-57-47-080Z.jpg,snapshot,cam2,2025:07:13T05:57:47,false,0,0,314
snapshot_cam2_2025-07-13T06-01-47-109Z.jpg,snapshot,cam2,2025:07:13T06:01:47,false,0,0,493
snapshot_cam2_2025-07-13T06-02-02-813Z.jpg,snapshot,cam2,2025:07:13T06:02:02,false,0,0,605
snapshot_cam2_2025-07-13T06-02-13-028Z.jpg,snapshot,cam2,2025:07:13T06:02:13,false,0,0,483
snapshot_cam2_2025-07-13T06-02-23-081Z.jpg,snapshot,cam2,2025:07:13T06:02:23,true,1,74,731
snapshot_cam2_2025-07-13T06-02-33-149Z.jpg,snapshot,cam2,2025:07:13T06:02:33,false,0,0,427
snapshot_cam2_2025-07-13T06-03-08-396Z.jpg,snapshot,cam2,2025:07:13T06:03:08,false,0,0,378
snapshot_cam2_2025-07-13T06-03-18-662Z.jpg,snapshot,cam2,2025:07:13T06:03:18,false,0,0,556
snapshot_cam2_2025-07-13T06-04-08-801Z.jpg,snapshot,cam2,2025:07:13T06:04:08,false,0,0,325
snapshot_cam2_2025-07-13T06-06-08-828Z.jpg,snapshot,cam2,2025:07:13T06:06:08,false,0,0,778
snapshot_cam2_2025-07-13T06-17-31-300Z.jpg,snapshot,cam2,2025:07:13T06:17:31,false,0,0,428
snapshot_cam2_2025-07-13T06-27-16-514Z.jpg,snapshot,cam2,2025:07:13T06:27:16,false,0,0,278
snapshot_cam2_2025-07-13T06-29-39-201Z.jpg,snapshot,cam2,2025:07:13T06:29:39,false,0,0,289
snapshot_cam2_2025-07-13T06-39-38-474Z.jpg,snapshot,cam2,2025:07:13T06:39:38,false,0,0,959
snapshot_cam2_2025-07-13T06-43-08-483Z.jpg,snapshot,cam2,2025:07:13T06:43:08,false,0,0,153
snapshot_cam2_2025-07-13T06-46-38-499Z.jpg,snapshot,cam2,2025:07:13T06:46:38,false,0,0,147
snapshot_cam2_2025-07-13T06-55-08-607Z.jpg,snapshot,cam2,2025:07:13T06:55:08,false,0,0,255
snapshot_cam2_2025-07-13T06-59-38-620Z.jpg,snapshot,cam2,2025:07:13T06:59:38,false,0,0,105
snapshot_cam2_2025-07-13T07-35-38-513Z.jpg,snapshot,cam2,2025:07:13T07:35:38,false,0,0,625
snapshot_cam2_2025-07-13T07-38-08-567Z.jpg,snapshot,cam2,2025:07:13T07:38:08,false,0,0,639
snapshot_cam2_2025-07-13T07-56-08-689Z.jpg,snapshot,cam2,2025:07:13T07:56:08,false,0,0,271
snapshot_cam2_2025-07-13T08-24-38-693Z.jpg,snapshot,cam2,2025:07:13T08:24:38,false,0,0,357
snapshot_cam2_2025-07-13T08-26-08-694Z.jpg,snapshot,cam2,2025:07:13T08:26:08,false,0,0,403
snapshot_cam2_2025-07-13T08-27-38-697Z.jpg,snapshot,cam2,2025:07:13T08:27:38,false,0,0,517
snapshot_cam2_2025-07-13T08-33-08-703Z.jpg,snapshot,cam2,2025:07:13T08:33:08,false,0,0,347
snapshot_cam2_2025-07-13T08-59-39-384Z.jpg,snapshot,cam2,2025:07:13T08:59:39,false,0,0,555
snapshot_cam2_2025-07-13T09-09-39-524Z.jpg,snapshot,cam2,2025:07:13T09:09:39,true,1,68,321
snapshot_cam2_2025-07-13T09-15-09-536Z.jpg,snapshot,cam2,2025:07:13T09:15:09,true,1,66,395
snapshot_cam2_2025-07-13T09-22-39-588Z.jpg,snapshot,cam2,2025:07:13T09:22:39,false,0,0,776
snapshot_cam2_2025-07-13T09-24-39-601Z.jpg,snapshot,cam2,2025:07:13T09:24:39,false,0,0,672
snapshot_cam2_2025-07-13T09-25-09-595Z.jpg,snapshot,cam2,2025:07:13T09:25:09,false,0,0,571
snapshot_cam2_2025-07-13T09-30-09-612Z.jpg,snapshot,cam2,2025:07:13T09:30:09,false,0,0,526
snapshot_cam2_2025-07-13T09-31-39-614Z.jpg,snapshot,cam2,2025:07:13T09:31:39,false,0,0,483
snapshot_cam2_2025-07-13T09-36-09-634Z.jpg,snapshot,cam2,2025:07:13T09:36:09,false,0,0,366
snapshot_cam2_2025-07-13T10-42-28-294Z.jpg,snapshot,cam2,2025:07:13T10:42:28,false,0,0,580
snapshot_cam2_2025-07-13T10-44-58-292Z.jpg,snapshot,cam2,2025:07:13T10:44:58,false,0,0,472
snapshot_cam2_2025-07-13T10-51-28-313Z.jpg,snapshot,cam2,2025:07:13T10:51:28,false,0,0,293
snapshot_cam2_2025-07-13T10-57-41-626Z.jpg,snapshot,cam2,2025:07:13T10:57:41,false,0,0,448
snapshot_cam2_2025-07-13T11-40-21-601Z.jpg,snapshot,cam2,2025:07:13T11:40:21,false,0,0,438
snapshot_cam2_2025-07-13T11-40-51-603Z.jpg,snapshot,cam2,2025:07:13T11:40:51,false,0,0,490
snapshot_cam2_2025-07-13T11-43-21-632Z.jpg,snapshot,cam2,2025:07:13T11:43:21,false,0,0,352
snapshot_cam2_2025-07-13T11-45-21-663Z.jpg,snapshot,cam2,2025:07:13T11:45:21,false,0,0,205
snapshot_cam2_2025-07-13T11-56-04-782Z.jpg,snapshot,cam2,2025:07:13T11:56:04,false,0,0,318
snapshot_cam2_2025-07-21T05-04-25-559Z.jpg,snapshot,cam2,2025:07:21T05:04:25,false,0,0,269
snapshot_cam2_2025-07-21T05-08-25-570Z.jpg,snapshot,cam2,2025:07:21T05:08:25,false,0,0,432
snapshot_cam2_2025-07-21T05-11-55-579Z.jpg,snapshot,cam2,2025:07:21T05:11:55,false,0,0,409
snapshot_cam2_2025-07-21T05-15-25-557Z.jpg,snapshot,cam2,2025:07:21T05:15:25,false,0,0,327
snapshot_cam2_2025-07-21T05-22-25-637Z.jpg,snapshot,cam2,2025:07:21T05:22:25,false,0,0,481
snapshot_cam2_2025-07-21T05-22-55-637Z.jpg,snapshot,cam2,2025:07:21T05:22:55,false,0,0,294
snapshot_cam2_2025-07-21T05-32-25-655Z.jpg,snapshot,cam2,2025:07:21T05:32:25,false,0,0,331
snapshot_cam2_2025-07-21T05-34-25-672Z.jpg,snapshot,cam2,2025:07:21T05:34:25,false,0,0,254
snapshot_cam2_2025-07-21T05-50-27-359Z.jpg,snapshot,cam2,2025:07:21T05:50:27,false,0,0,439
snapshot_cam2_2025-07-21T05-58-57-740Z.jpg,snapshot,cam2,2025:07:21T05:58:57,true,2,57,277
snapshot_cam2_2025-07-21T05-59-57-743Z.jpg,snapshot,cam2,2025:07:21T05:59:57,true,1,74,625
snapshot_cam2_2025-07-21T06-06-26-006Z.jpg,snapshot,cam2,2025:07:21T06:06:26,true,1,78,438
snapshot_cam2_2025-07-21T06-18-16-112Z.jpg,snapshot,cam2,2025:07:21T06:18:16,false,0,0,427
snapshot_cam2_2025-07-21T06-18-46-892Z.jpg,snapshot,cam2,2025:07:21T06:18:46,false,0,0,466
snapshot_cam2_2025-07-21T07-50-27-762Z.jpg,snapshot,cam2,2025:07:21T07:50:27,false,0,0,255
snapshot_cam2_2025-07-21T07-50-57-762Z.jpg,snapshot,cam2,2025:07:21T07:50:57,false,0,0,428
snapshot_cam2_2025-07-21T07-51-27-763Z.jpg,snapshot,cam2,2025:07:21T07:51:27,false,0,0,410
snapshot_cam2_2025-07-21T08-06-39-120Z.jpg,snapshot,cam2,2025:07:21T08:06:39,false,0,0,514
snapshot_cam2_2025-07-21T08-10-38-964Z.jpg,snapshot,cam2,2025:07:21T08:10:38,false,0,0,191
snapshot_cam2_2025-07-21T08-12-39-013Z.jpg,snapshot,cam2,2025:07:21T08:12:39,true,2,69,354
snapshot_cam2_2025-07-21T13-31-30-118Z.jpg,snapshot,cam2,2025:07:21T13:31:30,false,0,0,362
snapshot_cam2_2025-07-21T13-49-27-085Z.jpg,snapshot,cam2,2025:07:21T13:49:27,false,0,0,685
snapshot_cam2_2025-07-21T13-57-27-056Z.jpg,snapshot,cam2,2025:07:21T13:57:27,false,0,0,529
snapshot_cam2_2025-07-21T13-57-57-057Z.jpg,snapshot,cam2,2025:07:21T13:57:57,false,0,0,293
snapshot_cam2_2025-07-21T13-59-57-063Z.jpg,snapshot,cam2,2025:07:21T13:59:57,false,0,0,354
snapshot_cam2_2025-07-21T14-00-57-063Z.jpg,snapshot,cam2,2025:07:21T14:00:57,false,0,0,386
snapshot_cam2_2025-07-21T14-03-57-100Z.jpg,snapshot,cam2,2025:07:21T14:03:57,false,0,0,417
snapshot_cam2_2025-07-21T14-15-27-158Z.jpg,snapshot,cam2,2025:07:21T14:15:27,false,0,0,290
snapshot_cam2_2025-07-21T14-15-57-158Z.jpg,snapshot,cam2,2025:07:21T14:15:57,false,0,0,407
snapshot_cam2_2025-07-21T14-18-57-170Z.jpg,snapshot,cam2,2025:07:21T14:18:57,false,0,0,442
snapshot_cam2_2025-07-21T14-19-27-172Z.jpg,snapshot,cam2,2025:07:21T14:19:27,false,0,0,549
snapshot_cam2_2025-07-21T14-20-27-178Z.jpg,snapshot,cam2,2025:07:21T14:20:27,false,0,0,708
snapshot_cam2_2025-07-21T14-32-57-060Z.jpg,snapshot,cam2,2025:07:21T14:32:57,false,0,0,406
snapshot_cam2_2025-07-21T14-40-57-766Z.jpg,snapshot,cam2,2025:07:21T14:40:57,false,0,0,274
snapshot_cam2_2025-07-21T14-41-57-771Z.jpg,snapshot,cam2,2025:07:21T14:41:57,false,0,0,388
snapshot_cam2_2025-07-21T14-44-57-804Z.jpg,snapshot,cam2,2025:07:21T14:44:57,false,0,0,355
snapshot_cam2_2025-07-21T15-08-28-260Z.jpg,snapshot,cam2,2025:07:21T15:08:28,false,0,0,301
snapshot_cam2_2025-07-21T15-21-28-323Z.jpg,snapshot,cam2,2025:07:21T15:21:28,false,0,0,318
snapshot_cam2_2025-07-21T15-44-28-572Z.jpg,snapshot,cam2,2025:07:21T15:44:28,false,0,0,283
snapshot_cam2_2025-07-21T15-53-58-872Z.jpg,snapshot,cam2,2025:07:21T15:53:58,false,0,0,366
snapshot_cam2_2025-07-21T15-56-28-907Z.jpg,snapshot,cam2,2025:07:21T15:56:28,false,0,0,432
snapshot_cam2_2025-07-21T16-24-29-750Z.jpg,snapshot,cam2,2025:07:21T16:24:29,false,0,0,153
snapshot_cam2_2025-07-21T16-37-59-772Z.jpg,snapshot,cam2,2025:07:21T16:37:59,false,0,0,435
snapshot_cam2_2025-07-21T16-50-29-792Z.jpg,snapshot,cam2,2025:07:21T16:50:29,false,0,0,362
snapshot_cam2_2025-07-21T16-52-59-797Z.jpg,snapshot,cam2,2025:07:21T16:52:59,false,0,0,250
snapshot_cam2_2025-07-21T16-57-29-802Z.jpg,snapshot,cam2,2025:07:21T16:57:29,false,0,0,375
snapshot_cam2_2025-07-21T17-09-29-817Z.jpg,snapshot,cam2,2025:07:21T17:09:29,false,0,0,229
snapshot_cam2_2025-07-21T17-11-59-819Z.jpg,snapshot,cam2,2025:07:21T17:11:59,false,0,0,157
snapshot_cam2_2025-07-21T17-13-29-821Z.jpg,snapshot,cam2,2025:07:21T17:13:29,false,0,0,111
snapshot_cam2_2025-07-21T17-20-59-840Z.jpg,snapshot,cam2,2025:07:21T17:20:59,false,0,0,121
snapshot_cam2_2025-07-21T17-24-29-852Z.jpg,snapshot,cam2,2025:07:21T17:24:29,false,0,0,155
snapshot_cam2_2025-07-21T17-35-29-895Z.jpg,snapshot,cam2,2025:07:21T17:35:29,false,0,0,173
snapshot_cam2_2025-07-21T17-36-29-896Z.jpg,snapshot,cam2,2025:07:21T17:36:29,false,0,0,624
snapshot_cam2_2025-07-21T17-55-59-968Z.jpg,snapshot,cam2,2025:07:21T17:55:59,false,0,0,139
snapshot_cam2_2025-07-22T01-13-27-132Z.jpg,snapshot,cam2,2025:07:22T01:13:27,false,0,0,176
snapshot_cam2_2025-07-22T02-17-44-065Z.jpg,snapshot,cam2,2025:07:22T02:17:44,false,0,0,299
snapshot_cam2_2025-07-22T02-33-41-498Z.jpg,snapshot,cam2,2025:07:22T02:33:41,false,0,0,325
snapshot_cam2_2025-07-22T02-34-11-496Z.jpg,snapshot,cam2,2025:07:22T02:34:11,false,0,0,337
snapshot_cam2_2025-07-22T02-35-11-497Z.jpg,snapshot,cam2,2025:07:22T02:35:11,false,0,0,649
motion_cam1_2025-07-05T15-51-42-663Z.jpg,event,cam1,2025:07:05T15:51:42,false,0,0,549
motion_cam1_2025-07-05T15-51-52-685Z.jpg,event,cam1,2025:07:05T15:51:52,false,0,0,348
motion_cam1_2025-07-05T16-36-31-473Z.jpg,event,cam1,2025:07:05T16:36:31,false,0,0,276
motion_cam1_2025-07-05T16-36-41-564Z.jpg,event,cam1,2025:07:05T16:36:41,false,0,0,361
motion_cam1_2025-07-05T16-59-12-570Z.jpg,event,cam1,2025:07:05T16:59:12,false,0,0,149
motion_cam1_2025-07-05T16-59-22-648Z.jpg,event,cam1,2025:07:05T16:59:22,false,0,0,143
motion_cam1_2025-07-08T10-40-33-427Z.jpg,event,cam1,2025:07:08T10:40:33,false,0,0,183
motion_cam1_2025-07-08T10-40-43-479Z.jpg,event,cam1,2025:07:08T10:40:43,false,0,0,458
motion_cam1_2025-07-08T10-41-14-567Z.jpg,event,cam1,2025:07:08T10:41:14,false,0,0,200
motion_cam1_2025-07-08T10-41-24-649Z.jpg,event,cam1,2025:07:08T10:41:24,false,0,0,129
motion_cam1_2025-07-10T23-30-09-048Z.jpg,event,cam1,2025:07:10T23:30:09,false,0,0,109
motion_cam1_2025-07-11T02-14-56-240Z.jpg,event,cam1,2025:07:11T02:14:56,false,0,0,139
motion_cam1_2025-07-11T09-39-37-485Z.jpg,event,cam1,2025:07:11T09:39:37,false,0,0,305
motion_cam1_2025-07-11T09-39-47-590Z.jpg,event,cam1,2025:07:11T09:39:47,false,0,0,176
motion_cam1_2025-07-11T09-39-57-651Z.jpg,event,cam1,2025:07:11T09:39:57,false,0,0,150
motion_cam1_2025-07-11T09-40-13-179Z.jpg,event,cam1,2025:07:11T09:40:13,false,0,0,120
motion_cam1_2025-07-11T09-40-23-190Z.jpg,event,cam1,2025:07:11T09:40:23,true,1,67,430
motion_cam1_2025-07-11T09-40-54-762Z.jpg,event,cam1,2025:07:11T09:40:54,false,0,0,356
motion_cam1_2025-07-11T09-41-04-793Z.jpg,event,cam1,2025:07:11T09:41:04,false,0,0,297
motion_cam1_2025-07-11T09-43-11-742Z.jpg,event,cam1,2025:07:11T09:43:11,true,1,58,570
motion_cam1_2025-07-11T09-43-21-767Z.jpg,event,cam1,2025:07:11T09:43:21,false,0,0,361
motion_cam1_2025-07-11T09-43-43-352Z.jpg,event,cam1,2025:07:11T09:43:43,true,1,84,243
motion_cam1_2025-07-11T09-43-53-375Z.jpg,event,cam1,2025:07:11T09:43:53,false,0,0,365
motion_cam1_2025-07-11T09-44-39-522Z.jpg,event,cam1,2025:07:11T09:44:39,false,0,0,464
motion_cam1_2025-07-11T09-44-52-047Z.jpg,event,cam1,2025:07:11T09:44:52,true,1,60,289
motion_cam1_2025-07-11T09-45-02-075Z.jpg,event,cam1,2025:07:11T09:45:02,false,0,0,777
motion_cam1_2025-07-11T09-45-12-099Z.jpg,event,cam1,2025:07:11T09:45:12,false,0,0,330
motion_cam1_2025-07-11T09-45-27-151Z.jpg,event,cam1,2025:07:11T09:45:27,false,0,0,646
motion_cam1_2025-07-11T09-45-37-182Z.jpg,event,cam1,2025:07:11T09:45:37,false,0,0,616
motion_cam1_2025-07-11T10-15-40-020Z.jpg,event,cam1,2025:07:11T10:15:40,false,0,0,305
motion_cam1_2025-07-11T10-15-53-497Z.jpg,event,cam1,2025:07:11T10:15:53,false,0,0,449
motion_cam1_2025-07-11T10-16-03-613Z.jpg,event,cam1,2025:07:11T10:16:03,false,0,0,418
motion_cam1_2025-07-11T10-16-13-648Z.jpg,event,cam1,2025:07:11T10:16:13,false,0,0,307
motion_cam1_2025-07-11T10-16-35-233Z.jpg,event,cam1,2025:07:11T10:16:35,false,0,0,184
motion_cam1_2025-07-11T10-16-51-264Z.jpg,event,cam1,2025:07:11T10:16:51,false,0,0,230
motion_cam1_2025-07-11T10-20-07-956Z.jpg,event,cam1,2025:07:11T10:20:07,false,0,0,345
motion_cam1_2025-07-11T10-20-18-190Z.jpg,event,cam1,2025:07:11T10:20:18,true,1,78,162
motion_cam1_2025-07-11T10-20-28-298Z.jpg,event,cam1,2025:07:11T10:20:28,false,0,0,223
motion_cam1_2025-07-11T10-20-38-410Z.jpg,event,cam1,2025:07:11T10:20:38,false,0,0,277
motion_cam1_2025-07-11T10-20-55-603Z.jpg,event,cam1,2025:07:11T10:20:55,false,0,0,542
motion_cam1_2025-07-11T10-21-05-730Z.jpg,event,cam1,2025:07:11T10:21:05,true,1,53,143
motion_cam1_2025-07-11T10-23-34-391Z.jpg,event,cam1,2025:07:11T10:23:34,false,0,0,136
motion_cam1_2025-07-11T10-23-46-659Z.jpg,event,cam1,2025:07:11T10:23:46,true,1,53,481
motion_cam1_2025-07-11T10-26-01-584Z.jpg,event,cam1,2025:07:11T10:26:01,false,0,0,158
motion_cam1_2025-07-11T10-26-12-005Z.jpg,event,cam1,2025:07:11T10:26:12,false,0,0,339
motion_cam1_2025-07-11T10-26-35-533Z.jpg,event,cam1,2025:07:11T10:26:35,false,0,0,134
motion_cam1_2025-07-11T10-26-57-144Z.jpg,event,cam1,2025:07:11T10:26:57,false,0,0,155
motion_cam1_2025-07-11T10-28-25-277Z.jpg,event,cam1,2025:07:11T10:28:25,false,0,0,119
motion_cam1_2025-07-11T10-28-59-235Z.jpg,event,cam1,2025:07:11T10:28:59,true,1,73,111
motion_cam1_2025-07-11T10-29-14-686Z.jpg,event,cam1,2025:07:11T10:29:14,true,1,54,119
motion_cam1_2025-07-11T10-30-41-189Z.jpg,event,cam1,2025:07:11T10:30:41,false,0,0,130
motion_cam1_2025-07-11T10-31-07-216Z.jpg,event,cam1,2025:07:11T10:31:07,false,0,0,312
motion_cam1_2025-07-11T10-31-20-370Z.jpg,event,cam1,2025:07:11T10:31:20,false,0,0,317
motion_cam1_2025-07-11T10-32-15-794Z.jpg,event,cam1,2025:07:11T10:32:15,false,0,0,277
motion_cam1_2025-07-11T10-32-25-984Z.jpg,event,cam1,2025:07:11T10:32:25,false,0,0,285
motion_cam1_2025-07-11T10-33-00-100Z.jpg,event,cam1,2025:07:11T10:33:00,true,2,60,340
motion_cam1_2025-07-11T10-33-10-665Z.jpg,event,cam1,2025:07:11T10:33:10,true,1,91,395
motion_cam1_2025-07-11T10-33-20-906Z.jpg,event,cam1,2025:07:11T10:33:20,false,0,0,381
motion_cam1_2025-07-11T10-34-14-166Z.jpg,event,cam1,2025:07:11T10:34:14,false,0,0,568
motion_cam1_2025-07-11T10-35-20-413Z.jpg,event,cam1,2025:07:11T10:35:20,false,0,0,309
motion_cam1_2025-07-11T10-35-53-571Z.jpg,event,cam1,2025:07:11T10:35:53,false,0,0,513
motion_cam1_2025-07-13T05-52-53-796Z.jpg,event,cam1,2025:07:13T05:52:53,false,0,0,573
motion_cam1_2025-07-13T05-53-03-814Z.jpg,event,cam1,2025:07:13T05:53:03,false,0,0,293
motion_cam1_2025-07-13T05-55-27-956Z.jpg,event,cam1,2025:07:13T05:55:27,false,0,0,415
motion_cam1_2025-07-13T05-55-37-981Z.jpg,event,cam1,2025:07:13T05:55:37,false,0,0,162
motion_cam1_2025-07-13T05-56-36-472Z.jpg,event,cam1,2025:07:13T05:56:36,false,0,0,442
motion_cam1_2025-07-13T05-56-46-664Z.jpg,event,cam1,2025:07:13T05:56:46,false,0,0,344
motion_cam1_2025-07-13T06-01-06-756Z.jpg,event,cam1,2025:07:13T06:01:06,false,0,0,238
motion_cam1_2025-07-13T06-01-19-412Z.jpg,event,cam1,2025:07:13T06:01:19,false,0,0,338
motion_cam1_2025-07-13T06-01-29-441Z.jpg,event,cam1,2025:07:13T06:01:29,false,0,0,228
motion_cam1_2025-07-13T06-01-49-707Z.jpg,event,cam1,2025:07:13T06:01:49,false,0,0,376
motion_cam1_2025-07-13T06-01-59-797Z.jpg,event,cam1,2025:07:13T06:01:59,false,0,0,276
motion_cam1_2025-07-13T06-02-18-558Z.jpg,event,cam1,2025:07:13T06:02:18,true,1,67,279
motion_cam1_2025-07-13T06-02-28-609Z.jpg,event,cam1,2025:07:13T06:02:28,true,1,55,282
motion_cam1_2025-07-13T06-02-38-663Z.jpg,event,cam1,2025:07:13T06:02:38,false,0,0,378
motion_cam1_2025-07-13T06-02-48-739Z.jpg,event,cam1,2025:07:13T06:02:48,false,0,0,437
motion_cam1_2025-07-13T06-03-09-383Z.jpg,event,cam1,2025:07:13T06:03:09,false,0,0,270
motion_cam1_2025-07-13T06-03-19-576Z.jpg,event,cam1,2025:07:13T06:03:19,false,0,0,205
motion_cam1_2025-07-13T06-18-19-495Z.jpg,event,cam1,2025:07:13T06:18:19,false,0,0,334
motion_cam1_2025-07-13T06-18-29-674Z.jpg,event,cam1,2025:07:13T06:18:29,false,0,0,656
motion_cam1_2025-07-13T06-19-30-774Z.jpg,event,cam1,2025:07:13T06:19:30,false,0,0,261
motion_cam1_2025-07-13T06-19-40-910Z.jpg,event,cam1,2025:07:13T06:19:40,false,0,0,362
motion_cam2_2025-07-05T16-28-17-799Z.jpg,event,cam2,2025:07:05T16:28:17,false,0,0,380
motion_cam2_2025-07-05T16-28-28-109Z.jpg,event,cam2,2025:07:05T16:28:28,false,0,0,308
motion_cam2_2025-07-05T16-37-11-226Z.jpg,event,cam2,2025:07:05T16:37:11,false,0,0,299
motion_cam2_2025-07-05T16-37-21-292Z.jpg,event,cam2,2025:07:05T16:37:21,false,0,0,609
motion_cam2_2025-07-08T09-00-59-786Z.jpg,event,cam2,2025:07:08T09:00:59,false,0,0,627
motion_cam2_2025-07-08T10-40-36-931Z.jpg,event,cam2,2025:07:08T10:40:36,false,0,0,409
motion_cam2_2025-07-08T10-40-46-987Z.jpg,event,cam2,2025:07:08T10:40:46,false,0,0,492
motion_cam2_2025-07-08T10-41-15-567Z.jpg,event,cam2,2025:07:08T10:41:15,false,0,0,328
motion_cam2_2025-07-08T10-41-25-668Z.jpg,event,cam2,2025:07:08T10:41:25,false,0,0,438
motion_cam2_2025-07-10T19-07-05-909Z.jpg,event,cam2,2025:07:10T19:07:05,false,0,0,375
motion_cam2_2025-07-10T23-30-10-050Z.jpg,event,cam2,2025:07:10T23:30:10,false,0,0,496
motion_cam2_2025-07-10T23-30-20-370Z.jpg,event,cam2,2025:07:10T23:30:20,false,0,0,259
motion_cam2_2025-07-11T02-14-58-358Z.jpg,event,cam2,2025:07:11T02:14:58,false,0,0,395
motion_cam2_2025-07-11T02-15-08-585Z.jpg,event,cam2,2025:07:11T02:15:08,false,0,0,382
motion_cam2_2025-07-11T02-15-18-992Z.jpg,event,cam2,2025:07:11T02:15:18,false,0,0,281
motion_cam2_2025-07-11T02-16-52-120Z.jpg,event,cam2,2025:07:11T02:16:52,false,0,0,231
motion_cam2_2025-07-11T09-40-48-252Z.jpg,event,cam2,2025:07:11T09:40:48,false,0,0,513
motion_cam2_2025-07-11T09-40-58-270Z.jpg,event,cam2,2025:07:11T09:40:58,false,0,0,463
motion_cam2_2025-07-11T09-43-13-746Z.jpg,event,cam2,2025:07:11T09:43:13,true,1,81,398
motion_cam2_2025-07-11T09-43-23-768Z.jpg,event,cam2,2025:07:11T09:43:23,false,0,0,411
motion_cam2_2025-07-11T09-43-33-800Z.jpg,event,cam2,2025:07:11T09:43:33,true,1,62,454
motion_cam2_2025-07-11T09-43-43-855Z.jpg,event,cam2,2025:07:11T09:43:43,false,0,0,296
motion_cam2_2025-07-11T09-44-15-469Z.jpg,event,cam2,2025:07:11T09:44:15,false,0,0,724
motion_cam2_2025-07-11T09-44-25-494Z.jpg,event,cam2,2025:07:11T09:44:25,false,0,0,462
motion_cam2_2025-07-11T09-44-52-549Z.jpg,event,cam2,2025:07:11T09:44:52,false,0,0,405
motion_cam2_2025-07-11T09-45-27-155Z.jpg,event,cam2,2025:07:11T09:45:27,false,0,0,385
motion_cam2_2025-07-11T10-15-47-438Z.jpg,event,cam2,2025:07:11T10:15:47,true,1,63,537
motion_cam2_2025-07-11T10-16-01-608Z.jpg,event,cam2,2025:07:11T10:16:01,false,0,0,870
motion_cam2_2025-07-11T10-20-16-689Z.jpg,event,cam2,2025:07:11T10:20:16,false,0,0,478
motion_cam2_2025-07-11T10-20-26-789Z.jpg,event,cam2,2025:07:11T10:20:26,false,0,0,488
motion_cam2_2025-07-11T10-30-52-569Z.jpg,event,cam2,2025:07:11T10:30:52,false,0,0,501
motion_cam2_2025-07-11T10-31-16-341Z.jpg,event,cam2,2025:07:11T10:31:16,true,1,86,662
motion_cam2_2025-07-13T06-02-02-812Z.jpg,event,cam2,2025:07:13T06:02:02,false,0,0,883
motion_cam2_2025-07-13T06-02-13-017Z.jpg,event,cam2,2025:07:13T06:02:13,false,0,0,451
motion_cam2_2025-07-13T06-02-23-079Z.jpg,event,cam2,2025:07:13T06:02:23,true,1,74,500
motion_cam2_2025-07-13T06-02-33-148Z.jpg,event,cam2,2025:07:13T06:02:33,false,0,0,583
motion_cam2_2025-07-13T06-03-08-382Z.jpg,event,cam2,2025:07:13T06:03:08,false,0,0,594
motion_cam2_2025-07-13T06-03-18-566Z.jpg,event,cam2,2025:07:13T06:03:18,false,0,0,522